{
  "test": {
    "mse": 0.019430221557617186,
    "mae": 0.10777412414550781,
    "rmse": 0.1393923296226058
  }
}